ds,product_id,product_name,y,units,visits,conversion_rate,returns
2024-01-01,PROD001,Fone de Ouvido Bluetooth JBL T510,3406.2200000000003,18,514,0.03772,0
2024-01-08,PROD001,Fone de Ouvido Bluetooth JBL T510,1866.64,10,285,0.03326666666666667,0
2024-01-15,PROD001,Fone de Ouvido Bluetooth JBL T510,1503.76,8,251,0.03306666666666667,0
2024-01-22,PROD001,Fone de Ouvido Bluetooth JBL T510,2038.71,11,332,0.038266666666666664,0
2024-01-29,PROD001,Fone de Ouvido Bluetooth JBL T510,1375.11,7,141,0.04895,0
2024-02-05,PROD001,Fone de Ouvido Bluetooth JBL T510,2107.7,11,374,0.0324,0
2024-02-12,PROD001,Fone de Ouvido Bluetooth JBL T510,1152.21,6,158,0.0398,0
2024-02-19,PROD001,Fone de Ouvido Bluetooth JBL T510,593.28,3,56,0.051000000000000004,0
2024-02-26,PROD001,Fone de Ouvido Bluetooth JBL T510,1101.3400000000001,6,113,0.0516,0
2024-03-04,PROD001,Fone de Ouvido Bluetooth JBL T510,774.2,4,158,0.03845,0
2024-03-11,PROD001,Fone de Ouvido Bluetooth JBL T510,1502.05,8,225,0.037399999999999996,0
2024-03-18,PROD001,Fone de Ouvido Bluetooth JBL T510,1071.8,6,167,0.037566666666666665,1
2024-03-25,PROD001,Fone de Ouvido Bluetooth JBL T510,2464.44,13,359,0.037825,0
2024-04-01,PROD001,Fone de Ouvido Bluetooth JBL T510,1354.85,7,148,0.04705,0
2024-04-08,PROD001,Fone de Ouvido Bluetooth JBL T510,2216.7200000000003,12,391,0.033475,0
2024-04-15,PROD001,Fone de Ouvido Bluetooth JBL T510,1152.38,6,210,0.03106666666666667,0
2024-04-22,PROD001,Fone de Ouvido Bluetooth JBL T510,3030.49,16,450,0.037919999999999995,0
2024-04-29,PROD001,Fone de Ouvido Bluetooth JBL T510,1056.34,6,228,0.0378,0
2024-05-06,PROD001,Fone de Ouvido Bluetooth JBL T510,1566.31,8,234,0.038875,2
2024-05-13,PROD001,Fone de Ouvido Bluetooth JBL T510,1553.69,8,167,0.04688,0
2024-05-20,PROD001,Fone de Ouvido Bluetooth JBL T510,1293.84,7,179,0.039200000000000006,0
2024-05-27,PROD001,Fone de Ouvido Bluetooth JBL T510,1490.52,8,171,0.043500000000000004,0
2024-06-03,PROD001,Fone de Ouvido Bluetooth JBL T510,1818.75,9,275,0.0363,0
2024-06-10,PROD001,Fone de Ouvido Bluetooth JBL T510,1313.03,7,213,0.04265,0
2024-06-17,PROD001,Fone de Ouvido Bluetooth JBL T510,3073.0699999999997,16,509,0.042275,0
2024-06-24,PROD001,Fone de Ouvido Bluetooth JBL T510,3331.7599999999998,17,427,0.04094285714285715,0
2024-07-01,PROD001,Fone de Ouvido Bluetooth JBL T510,1504.42,8,193,0.046724999999999996,0
2024-07-08,PROD001,Fone de Ouvido Bluetooth JBL T510,1866.28,10,365,0.026533333333333336,0
2024-07-15,PROD001,Fone de Ouvido Bluetooth JBL T510,3026.64,16,449,0.04,0
2024-07-22,PROD001,Fone de Ouvido Bluetooth JBL T510,3419.58,18,498,0.044333333333333336,0
2024-07-29,PROD001,Fone de Ouvido Bluetooth JBL T510,2004.8,10,292,0.035675,0
2024-08-05,PROD001,Fone de Ouvido Bluetooth JBL T510,3824.5,20,473,0.044700000000000004,0
2024-08-12,PROD001,Fone de Ouvido Bluetooth JBL T510,1540.05,8,204,0.040725,0
2024-08-19,PROD001,Fone de Ouvido Bluetooth JBL T510,3181.51,16,366,0.045325,0
2024-08-26,PROD001,Fone de Ouvido Bluetooth JBL T510,2580.11,13,374,0.036566666666666664,0
2024-09-02,PROD001,Fone de Ouvido Bluetooth JBL T510,1688.4,9,205,0.04335,0
2024-09-09,PROD001,Fone de Ouvido Bluetooth JBL T510,1543.77,8,172,0.048674999999999996,0
2024-09-16,PROD001,Fone de Ouvido Bluetooth JBL T510,2341.23,12,298,0.043,0
2024-09-23,PROD001,Fone de Ouvido Bluetooth JBL T510,1512.67,8,242,0.0309,0
2024-09-30,PROD001,Fone de Ouvido Bluetooth JBL T510,4478.28,24,567,0.043616666666666665,0
2024-10-07,PROD001,Fone de Ouvido Bluetooth JBL T510,2508.24,14,357,0.0435,0
2024-10-14,PROD001,Fone de Ouvido Bluetooth JBL T510,3375.0,18,387,0.04745,0
2024-10-21,PROD001,Fone de Ouvido Bluetooth JBL T510,3248.68,17,425,0.043975,0
2024-10-28,PROD001,Fone de Ouvido Bluetooth JBL T510,3740.67,20,597,0.038919999999999996,0
2024-11-04,PROD001,Fone de Ouvido Bluetooth JBL T510,7900.71,41,1032,0.04018571428571428,1
2024-11-11,PROD001,Fone de Ouvido Bluetooth JBL T510,8361.36,44,1658,0.031657142857142856,0
2024-11-18,PROD001,Fone de Ouvido Bluetooth JBL T510,4958.73,26,723,0.03824,0
2024-11-25,PROD001,Fone de Ouvido Bluetooth JBL T510,10075.67,54,1614,0.038271428571428574,0
2024-12-02,PROD001,Fone de Ouvido Bluetooth JBL T510,4373.59,23,710,0.04138,0
2024-12-09,PROD001,Fone de Ouvido Bluetooth JBL T510,4854.91,26,925,0.031875,0
2024-12-16,PROD001,Fone de Ouvido Bluetooth JBL T510,6234.81,33,990,0.03761428571428571,0
2024-12-23,PROD001,Fone de Ouvido Bluetooth JBL T510,6051.71,32,724,0.04572,1
2024-12-30,PROD001,Fone de Ouvido Bluetooth JBL T510,3556.98,19,436,0.04026,0
2025-01-06,PROD001,Fone de Ouvido Bluetooth JBL T510,2439.48,13,314,0.047575,0
2025-01-13,PROD001,Fone de Ouvido Bluetooth JBL T510,2725.79,14,260,0.050140000000000004,0
2025-01-20,PROD001,Fone de Ouvido Bluetooth JBL T510,2253.75,12,229,0.0515,0
2025-01-27,PROD001,Fone de Ouvido Bluetooth JBL T510,1845.97,10,203,0.0475,0
2025-02-03,PROD001,Fone de Ouvido Bluetooth JBL T510,1118.85,6,155,0.040175,0
2025-02-10,PROD001,Fone de Ouvido Bluetooth JBL T510,1549.58,8,260,0.03553333333333333,0
2025-02-17,PROD001,Fone de Ouvido Bluetooth JBL T510,2458.55,13,357,0.036725,2
2025-02-24,PROD001,Fone de Ouvido Bluetooth JBL T510,1392.96,7,239,0.033933333333333336,0
2025-03-03,PROD001,Fone de Ouvido Bluetooth JBL T510,1311.12,7,165,0.04253333333333333,0
2025-03-10,PROD001,Fone de Ouvido Bluetooth JBL T510,3346.6,17,621,0.0329,0
2025-03-17,PROD001,Fone de Ouvido Bluetooth JBL T510,1383.5900000000001,7,201,0.04066666666666666,0
2025-03-24,PROD001,Fone de Ouvido Bluetooth JBL T510,1862.1999999999998,10,203,0.045175,2
2025-03-31,PROD001,Fone de Ouvido Bluetooth JBL T510,3144.74,17,459,0.04645,0
2025-04-07,PROD001,Fone de Ouvido Bluetooth JBL T510,1142.76,6,175,0.03556666666666666,0
2025-04-14,PROD001,Fone de Ouvido Bluetooth JBL T510,1551.07,8,215,0.04053333333333333,0
2025-04-21,PROD001,Fone de Ouvido Bluetooth JBL T510,1509.43,8,232,0.03975,0
2025-04-28,PROD001,Fone de Ouvido Bluetooth JBL T510,3485.64,19,378,0.0489,0
2025-05-05,PROD001,Fone de Ouvido Bluetooth JBL T510,1513.1000000000001,8,212,0.0401,0
2025-05-12,PROD001,Fone de Ouvido Bluetooth JBL T510,5710.33,30,748,0.04144,0
2025-05-19,PROD001,Fone de Ouvido Bluetooth JBL T510,2386.1,13,334,0.04376,0
2025-05-26,PROD001,Fone de Ouvido Bluetooth JBL T510,4885.99,26,524,0.050300000000000004,0
2025-06-02,PROD001,Fone de Ouvido Bluetooth JBL T510,1661.3899999999999,9,300,0.0329,0
2025-06-09,PROD001,Fone de Ouvido Bluetooth JBL T510,3492.94,18,525,0.038325,0
2025-06-16,PROD001,Fone de Ouvido Bluetooth JBL T510,1392.3400000000001,7,140,0.04723333333333333,0
2025-06-23,PROD001,Fone de Ouvido Bluetooth JBL T510,1678.42,9,322,0.042,0
2024-01-01,PROD002,Carregador Turbo 65W USB-C,1247.84,14,385,0.04238,2
2024-01-08,PROD002,Carregador Turbo 65W USB-C,1351.85,15,422,0.03815,0
2024-01-15,PROD002,Carregador Turbo 65W USB-C,2052.95,22,642,0.03822,0
2024-01-22,PROD002,Carregador Turbo 65W USB-C,1071.5,12,440,0.029333333333333333,0
2024-01-29,PROD002,Carregador Turbo 65W USB-C,1321.46,14,536,0.029025000000000002,1
2024-02-05,PROD002,Carregador Turbo 65W USB-C,1356.63,15,511,0.030525,0
2024-02-12,PROD002,Carregador Turbo 65W USB-C,1102.0700000000002,12,234,0.050725,0
2024-02-19,PROD002,Carregador Turbo 65W USB-C,757.3,8,143,0.0562,0
2024-02-26,PROD002,Carregador Turbo 65W USB-C,557.46,6,214,0.03623333333333333,0
2024-03-04,PROD002,Carregador Turbo 65W USB-C,1012.14,11,214,0.0521,0
2024-03-11,PROD002,Carregador Turbo 65W USB-C,1764.78,19,490,0.040525,1
2024-03-18,PROD002,Carregador Turbo 65W USB-C,1522.4199999999998,17,362,0.04695,0
2024-03-25,PROD002,Carregador Turbo 65W USB-C,2622.97,30,898,0.036059999999999995,0
2024-04-01,PROD002,Carregador Turbo 65W USB-C,1638.5,19,525,0.03983333333333333,0
2024-04-08,PROD002,Carregador Turbo 65W USB-C,1992.71,22,837,0.028275,0
2024-04-15,PROD002,Carregador Turbo 65W USB-C,1353.74,15,367,0.03825,0
2024-04-22,PROD002,Carregador Turbo 65W USB-C,2359.76,27,549,0.04864,0
2024-04-29,PROD002,Carregador Turbo 65W USB-C,1313.6100000000001,14,326,0.045366666666666666,0
2024-05-06,PROD002,Carregador Turbo 65W USB-C,2053.65,22,486,0.047375,0
2024-05-13,PROD002,Carregador Turbo 65W USB-C,1213.08,14,449,0.0358,0
2024-05-20,PROD002,Carregador Turbo 65W USB-C,1199.65,14,347,0.0398,0
2024-05-27,PROD002,Carregador Turbo 65W USB-C,1662.03,19,593,0.0356,0
2024-06-03,PROD002,Carregador Turbo 65W USB-C,1961.47,22,496,0.0456,0
2024-06-10,PROD002,Carregador Turbo 65W USB-C,1702.8400000000001,19,492,0.038933333333333334,0
2024-06-17,PROD002,Carregador Turbo 65W USB-C,1933.7,22,767,0.029,0
2024-06-24,PROD002,Carregador Turbo 65W USB-C,2733.88,31,838,0.04402857142857143,0
2024-07-01,PROD002,Carregador Turbo 65W USB-C,1974.23,23,605,0.0376,0
2024-07-08,PROD002,Carregador Turbo 65W USB-C,2158.99,24,749,0.0377,0
2024-07-15,PROD002,Carregador Turbo 65W USB-C,2419.46,26,707,0.04053333333333333,0
2024-07-22,PROD002,Carregador Turbo 65W USB-C,2808.9,30,732,0.043449999999999996,0
2024-07-29,PROD002,Carregador Turbo 65W USB-C,1869.59,21,633,0.038974999999999996,0
2024-08-05,PROD002,Carregador Turbo 65W USB-C,2358.3500000000004,26,825,0.04072,0
2024-08-12,PROD002,Carregador Turbo 65W USB-C,1478.46,17,486,0.03775,0
2024-08-19,PROD002,Carregador Turbo 65W USB-C,1141.8000000000002,13,323,0.044125,0
2024-08-26,PROD002,Carregador Turbo 65W USB-C,2830.23,31,1054,0.032016666666666665,0
2024-09-02,PROD002,Carregador Turbo 65W USB-C,2130.37,25,667,0.042475,0
2024-09-09,PROD002,Carregador Turbo 65W USB-C,1524.57,17,464,0.0387,0
2024-09-16,PROD002,Carregador Turbo 65W USB-C,2082.38,23,571,0.04144,0
2024-09-23,PROD002,Carregador Turbo 65W USB-C,1987.34,22,727,0.030199999999999998,0
2024-09-30,PROD002,Carregador Turbo 65W USB-C,2044.93,23,638,0.03958333333333334,2
2024-10-07,PROD002,Carregador Turbo 65W USB-C,2192.93,24,587,0.04306666666666667,0
2024-10-14,PROD002,Carregador Turbo 65W USB-C,1632.6599999999999,18,501,0.0374,0
2024-10-21,PROD002,Carregador Turbo 65W USB-C,3050.58,34,917,0.042975,0
2024-10-28,PROD002,Carregador Turbo 65W USB-C,4154.36,45,1643,0.030633333333333332,0
2024-11-04,PROD002,Carregador Turbo 65W USB-C,6343.83,73,1851,0.043185714285714286,1
2024-11-11,PROD002,Carregador Turbo 65W USB-C,6117.86,69,1698,0.04705714285714286,0
2024-11-18,PROD002,Carregador Turbo 65W USB-C,3228.72,36,1401,0.032619999999999996,0
2024-11-25,PROD002,Carregador Turbo 65W USB-C,5524.31,63,2005,0.03452857142857143,0
2024-12-02,PROD002,Carregador Turbo 65W USB-C,4901.83,54,1339,0.04268333333333333,0
2024-12-09,PROD002,Carregador Turbo 65W USB-C,3290.1800000000003,35,831,0.04418,0
2024-12-16,PROD002,Carregador Turbo 65W USB-C,4687.55,52,1336,0.04347142857142857,0
2024-12-23,PROD002,Carregador Turbo 65W USB-C,2992.65,33,854,0.04416,0
2024-12-30,PROD002,Carregador Turbo 65W USB-C,2045.09,23,557,0.04036,0
2025-01-06,PROD002,Carregador Turbo 65W USB-C,1875.43,21,576,0.038575,1
2025-01-13,PROD002,Carregador Turbo 65W USB-C,2353.9,27,806,0.0365,1
2025-01-20,PROD002,Carregador Turbo 65W USB-C,1199.99,13,443,0.030699999999999995,1
2025-01-27,PROD002,Carregador Turbo 65W USB-C,1535.78,17,600,0.03425,0
2025-02-03,PROD002,Carregador Turbo 65W USB-C,1501.51,17,628,0.031024999999999997,0
2025-02-10,PROD002,Carregador Turbo 65W USB-C,1122.65,13,311,0.042966666666666674,0
2025-02-17,PROD002,Carregador Turbo 65W USB-C,1001.0600000000001,11,246,0.04285,0
2025-02-24,PROD002,Carregador Turbo 65W USB-C,1775.94,20,542,0.037425,0
2025-03-03,PROD002,Carregador Turbo 65W USB-C,1057.5500000000002,12,282,0.04013333333333333,0
2025-03-10,PROD002,Carregador Turbo 65W USB-C,1447.75,16,440,0.04436,0
2025-03-17,PROD002,Carregador Turbo 65W USB-C,1200.08,13,259,0.05256666666666667,0
2025-03-24,PROD002,Carregador Turbo 65W USB-C,1329.7,14,312,0.046125,0
2025-03-31,PROD002,Carregador Turbo 65W USB-C,1016.31,11,248,0.04325,0
2025-04-07,PROD002,Carregador Turbo 65W USB-C,1691.52,18,381,0.04943333333333333,0
2025-04-14,PROD002,Carregador Turbo 65W USB-C,1441.43,17,346,0.04973333333333333,0
2025-04-21,PROD002,Carregador Turbo 65W USB-C,1605.73,18,464,0.040999999999999995,0
2025-04-28,PROD002,Carregador Turbo 65W USB-C,1240.36,14,353,0.03912,0
2025-05-05,PROD002,Carregador Turbo 65W USB-C,1709.97,19,421,0.04575,0
2025-05-12,PROD002,Carregador Turbo 65W USB-C,2443.7,27,720,0.042620000000000005,0
2025-05-19,PROD002,Carregador Turbo 65W USB-C,2166.5299999999997,24,458,0.05232,0
2025-05-26,PROD002,Carregador Turbo 65W USB-C,1475.49,16,462,0.03246,0
2025-06-02,PROD002,Carregador Turbo 65W USB-C,1184.12,13,372,0.0393,0
2025-06-09,PROD002,Carregador Turbo 65W USB-C,1650.0,18,362,0.051275,0
2025-06-16,PROD002,Carregador Turbo 65W USB-C,1076.68,12,229,0.05186666666666667,0
2025-06-23,PROD002,Carregador Turbo 65W USB-C,1445.02,17,451,0.044833333333333336,0
2024-01-01,PROD003,Cabo USB-C para USB-C 2m,889.93,29,795,0.04214,0
2024-01-08,PROD003,Cabo USB-C para USB-C 2m,778.54,27,863,0.0414,0
2024-01-15,PROD003,Cabo USB-C para USB-C 2m,1037.91,35,881,0.03998,0
2024-01-22,PROD003,Cabo USB-C para USB-C 2m,438.99,15,468,0.033433333333333336,0
2024-01-29,PROD003,Cabo USB-C para USB-C 2m,904.62,30,1033,0.0382,0
2024-02-05,PROD003,Cabo USB-C para USB-C 2m,793.78,26,838,0.034425,0
2024-02-12,PROD003,Cabo USB-C para USB-C 2m,418.85,14,378,0.037525,0
2024-02-19,PROD003,Cabo USB-C para USB-C 2m,347.71999999999997,12,338,0.035,0
2024-02-26,PROD003,Cabo USB-C para USB-C 2m,316.9,11,269,0.0474,0
2024-03-04,PROD003,Cabo USB-C para USB-C 2m,412.6,14,355,0.0416,0
2024-03-11,PROD003,Cabo USB-C para USB-C 2m,478.28,16,466,0.03875,0
2024-03-18,PROD003,Cabo USB-C para USB-C 2m,493.64,17,394,0.0458,0
2024-03-25,PROD003,Cabo USB-C para USB-C 2m,866.15,29,919,0.035719999999999995,0
2024-04-01,PROD003,Cabo USB-C para USB-C 2m,324.03999999999996,11,447,0.0325,0
2024-04-08,PROD003,Cabo USB-C para USB-C 2m,880.81,30,980,0.036475,1
2024-04-15,PROD003,Cabo USB-C para USB-C 2m,640.1700000000001,21,658,0.034425,1
2024-04-22,PROD003,Cabo USB-C para USB-C 2m,941.8000000000001,32,960,0.03554,0
2024-04-29,PROD003,Cabo USB-C para USB-C 2m,675.03,22,577,0.03673333333333333,1
2024-05-06,PROD003,Cabo USB-C para USB-C 2m,611.44,21,617,0.036775,0
2024-05-13,PROD003,Cabo USB-C para USB-C 2m,913.28,30,694,0.0447,0
2024-05-20,PROD003,Cabo USB-C para USB-C 2m,480.53,16,499,0.031200000000000002,0
2024-05-27,PROD003,Cabo USB-C para USB-C 2m,672.01,23,571,0.03996666666666667,0
2024-06-03,PROD003,Cabo USB-C para USB-C 2m,931.9599999999999,32,965,0.035325,0
2024-06-10,PROD003,Cabo USB-C para USB-C 2m,797.45,26,645,0.043699999999999996,1
2024-06-17,PROD003,Cabo USB-C para USB-C 2m,615.01,20,467,0.04625,0
2024-06-24,PROD003,Cabo USB-C para USB-C 2m,1443.76,47,1651,0.03131428571428572,0
2024-07-01,PROD003,Cabo USB-C para USB-C 2m,1138.48,39,1209,0.033,0
2024-07-08,PROD003,Cabo USB-C para USB-C 2m,756.51,25,755,0.03845,0
2024-07-15,PROD003,Cabo USB-C para USB-C 2m,1278.07,43,1276,0.039733333333333336,0
2024-07-22,PROD003,Cabo USB-C para USB-C 2m,981.5,34,706,0.04848333333333333,0
2024-07-29,PROD003,Cabo USB-C para USB-C 2m,578.21,20,498,0.040875,0
2024-08-05,PROD003,Cabo USB-C para USB-C 2m,804.0,26,813,0.033659999999999995,0
2024-08-12,PROD003,Cabo USB-C para USB-C 2m,644.75,22,545,0.042800000000000005,0
2024-08-19,PROD003,Cabo USB-C para USB-C 2m,786.99,27,792,0.03585,0
2024-08-26,PROD003,Cabo USB-C para USB-C 2m,806.36,27,625,0.046783333333333336,1
2024-09-02,PROD003,Cabo USB-C para USB-C 2m,751.49,25,551,0.046775,0
2024-09-09,PROD003,Cabo USB-C para USB-C 2m,896.21,31,943,0.034475,0
2024-09-16,PROD003,Cabo USB-C para USB-C 2m,843.85,28,687,0.041639999999999996,2
2024-09-23,PROD003,Cabo USB-C para USB-C 2m,1054.75,36,1216,0.029575,0
2024-09-30,PROD003,Cabo USB-C para USB-C 2m,1757.02,57,1428,0.04355,0
2024-10-07,PROD003,Cabo USB-C para USB-C 2m,1500.42,50,1384,0.040016666666666666,0
2024-10-14,PROD003,Cabo USB-C para USB-C 2m,1039.05,35,967,0.039575,0
2024-10-21,PROD003,Cabo USB-C para USB-C 2m,1037.43,34,910,0.037974999999999995,0
2024-10-28,PROD003,Cabo USB-C para USB-C 2m,1507.5,51,1314,0.04135,0
2024-11-04,PROD003,Cabo USB-C para USB-C 2m,3038.26,101,2348,0.04518571428571429,0
2024-11-11,PROD003,Cabo USB-C para USB-C 2m,2550.26,84,2216,0.04045714285714286,0
2024-11-18,PROD003,Cabo USB-C para USB-C 2m,1667.1399999999999,55,1336,0.04104,0
2024-11-25,PROD003,Cabo USB-C para USB-C 2m,4408.75,146,3459,0.0437,0
2024-12-02,PROD003,Cabo USB-C para USB-C 2m,2072.23,69,2369,0.03261666666666667,0
2024-12-09,PROD003,Cabo USB-C para USB-C 2m,1757.23,59,1249,0.04686,0
2024-12-16,PROD003,Cabo USB-C para USB-C 2m,2791.46,94,2161,0.04417142857142858,0
2024-12-23,PROD003,Cabo USB-C para USB-C 2m,1695.68,57,1191,0.04768,0
2024-12-30,PROD003,Cabo USB-C para USB-C 2m,1032.44,34,796,0.04556,0
2025-01-06,PROD003,Cabo USB-C para USB-C 2m,795.8,27,942,0.032225000000000004,0
2025-01-13,PROD003,Cabo USB-C para USB-C 2m,1098.06,36,961,0.03958,0
2025-01-20,PROD003,Cabo USB-C para USB-C 2m,715.91,24,573,0.04056666666666667,0
2025-01-27,PROD003,Cabo USB-C para USB-C 2m,586.4399999999999,19,386,0.049825,0
2025-02-03,PROD003,Cabo USB-C para USB-C 2m,585.14,20,582,0.039875,0
2025-02-10,PROD003,Cabo USB-C para USB-C 2m,364.87,12,346,0.0392,0
2025-02-17,PROD003,Cabo USB-C para USB-C 2m,493.4,17,638,0.026475,0
2025-02-24,PROD003,Cabo USB-C para USB-C 2m,685.08,22,648,0.039775,0
2025-03-03,PROD003,Cabo USB-C para USB-C 2m,468.72,16,375,0.0457,0
2025-03-10,PROD003,Cabo USB-C para USB-C 2m,710.2,24,546,0.044340000000000004,1
2025-03-17,PROD003,Cabo USB-C para USB-C 2m,306.06,10,227,0.044866666666666666,0
2025-03-24,PROD003,Cabo USB-C para USB-C 2m,903.5,30,882,0.0364,1
2025-03-31,PROD003,Cabo USB-C para USB-C 2m,894.52,29,1026,0.032100000000000004,0
2025-04-07,PROD003,Cabo USB-C para USB-C 2m,662.58,22,441,0.049133333333333334,0
2025-04-14,PROD003,Cabo USB-C para USB-C 2m,507.79,17,547,0.0349,0
2025-04-21,PROD003,Cabo USB-C para USB-C 2m,961.6600000000001,32,818,0.04044,1
2025-04-28,PROD003,Cabo USB-C para USB-C 2m,830.1,27,881,0.0318,0
2025-05-05,PROD003,Cabo USB-C para USB-C 2m,1312.06,44,1488,0.030175,0
2025-05-12,PROD003,Cabo USB-C para USB-C 2m,1280.72,43,1011,0.04402,0
2025-05-19,PROD003,Cabo USB-C para USB-C 2m,931.46,31,1138,0.03594,0
2025-05-26,PROD003,Cabo USB-C para USB-C 2m,1291.95,45,964,0.04746,0
2025-06-02,PROD003,Cabo USB-C para USB-C 2m,962.4,32,783,0.043975,0
2025-06-09,PROD003,Cabo USB-C para USB-C 2m,1079.07,35,1090,0.036125000000000004,0
2025-06-16,PROD003,Cabo USB-C para USB-C 2m,790.22,27,890,0.030533333333333332,0
2025-06-23,PROD003,Cabo USB-C para USB-C 2m,695.1600000000001,22,620,0.03793333333333333,0
2024-01-01,PROD004,Suporte Veicular para Celular,1112.82,23,689,0.0371,0
2024-01-08,PROD004,Suporte Veicular para Celular,662.35,13,497,0.028275,0
2024-01-15,PROD004,Suporte Veicular para Celular,708.5,14,382,0.0395,1
2024-01-22,PROD004,Suporte Veicular para Celular,730.98,15,382,0.04003333333333334,0
2024-01-29,PROD004,Suporte Veicular para Celular,705.02,14,415,0.033475,0
2024-02-05,PROD004,Suporte Veicular para Celular,524.5899999999999,11,285,0.037575,0
2024-02-12,PROD004,Suporte Veicular para Celular,479.96000000000004,10,243,0.046200000000000005,0
2024-02-19,PROD004,Suporte Veicular para Celular,479.27,9,157,0.056999999999999995,0
2024-02-26,PROD004,Suporte Veicular para Celular,511.48,10,337,0.03956666666666667,0
2024-03-04,PROD004,Suporte Veicular para Celular,351.93,7,244,0.027249999999999996,0
2024-03-11,PROD004,Suporte Veicular para Celular,777.69,16,447,0.04345,0
2024-03-18,PROD004,Suporte Veicular para Celular,928.7,19,507,0.0378,0
2024-03-25,PROD004,Suporte Veicular para Celular,975.74,19,440,0.044079999999999994,0
2024-04-01,PROD004,Suporte Veicular para Celular,387.15999999999997,8,154,0.051666666666666666,0
2024-04-08,PROD004,Suporte Veicular para Celular,669.66,13,275,0.050375,0
2024-04-15,PROD004,Suporte Veicular para Celular,685.79,14,420,0.035325,0
2024-04-22,PROD004,Suporte Veicular para Celular,812.26,16,425,0.03674,0
2024-04-29,PROD004,Suporte Veicular para Celular,538.03,11,326,0.033800000000000004,0
2024-05-06,PROD004,Suporte Veicular para Celular,646.72,13,471,0.02955,1
2024-05-13,PROD004,Suporte Veicular para Celular,911.05,18,621,0.031979999999999995,1
2024-05-20,PROD004,Suporte Veicular para Celular,552.64,11,419,0.03106666666666667,0
2024-05-27,PROD004,Suporte Veicular para Celular,393.22,8,161,0.04976666666666666,0
2024-06-03,PROD004,Suporte Veicular para Celular,508.9,10,232,0.042366666666666664,0
2024-06-10,PROD004,Suporte Veicular para Celular,789.22,16,309,0.05206666666666667,0
2024-06-17,PROD004,Suporte Veicular para Celular,815.24,17,455,0.04165,0
2024-06-24,PROD004,Suporte Veicular para Celular,1072.46,22,851,0.027142857142857142,0
2024-07-01,PROD004,Suporte Veicular para Celular,993.52,20,718,0.0304,0
2024-07-08,PROD004,Suporte Veicular para Celular,730.88,15,453,0.035525,0
2024-07-15,PROD004,Suporte Veicular para Celular,1193.14,24,534,0.045899999999999996,0
2024-07-22,PROD004,Suporte Veicular para Celular,1526.68,31,842,0.04303333333333333,0
2024-07-29,PROD004,Suporte Veicular para Celular,889.35,19,433,0.041174999999999996,1
2024-08-05,PROD004,Suporte Veicular para Celular,1079.6,22,645,0.03654,0
2024-08-12,PROD004,Suporte Veicular para Celular,728.61,15,489,0.03575,0
2024-08-19,PROD004,Suporte Veicular para Celular,933.72,18,421,0.0426,0
2024-08-26,PROD004,Suporte Veicular para Celular,1088.13,22,533,0.042866666666666664,0
2024-09-02,PROD004,Suporte Veicular para Celular,543.35,11,281,0.04145,0
2024-09-09,PROD004,Suporte Veicular para Celular,553.6700000000001,11,233,0.048125,0
2024-09-16,PROD004,Suporte Veicular para Celular,769.6399999999999,16,538,0.03388,0
2024-09-23,PROD004,Suporte Veicular para Celular,787.94,16,654,0.0293,0
2024-09-30,PROD004,Suporte Veicular para Celular,1555.7,32,1031,0.03325,0
2024-10-07,PROD004,Suporte Veicular para Celular,1402.18,28,833,0.034716666666666667,0
2024-10-14,PROD004,Suporte Veicular para Celular,682.8,14,349,0.04195,0
2024-10-21,PROD004,Suporte Veicular para Celular,720.8,15,470,0.038900000000000004,0
2024-10-28,PROD004,Suporte Veicular para Celular,1476.77,30,916,0.037,0
2024-11-04,PROD004,Suporte Veicular para Celular,2941.0299999999997,58,1801,0.03434285714285714,0
2024-11-11,PROD004,Suporte Veicular para Celular,2665.9700000000003,54,1552,0.0398,0
2024-11-18,PROD004,Suporte Veicular para Celular,1964.3600000000001,40,904,0.04502,0
2024-11-25,PROD004,Suporte Veicular para Celular,3300.95,67,1962,0.03548571428571429,0
2024-12-02,PROD004,Suporte Veicular para Celular,1841.07,37,1345,0.03075,1
2024-12-09,PROD004,Suporte Veicular para Celular,1607.54,33,1045,0.03972,0
2024-12-16,PROD004,Suporte Veicular para Celular,2127.06,43,1087,0.040914285714285716,0
2024-12-23,PROD004,Suporte Veicular para Celular,1327.3899999999999,26,781,0.03786,0
2024-12-30,PROD004,Suporte Veicular para Celular,1734.55,36,1199,0.04714,0
2025-01-06,PROD004,Suporte Veicular para Celular,406.43,8,185,0.0442,0
2025-01-13,PROD004,Suporte Veicular para Celular,675.64,14,518,0.0307,0
2025-01-20,PROD004,Suporte Veicular para Celular,567.72,12,315,0.035449999999999995,0
2025-01-27,PROD004,Suporte Veicular para Celular,811.24,16,481,0.0349,0
2025-02-03,PROD004,Suporte Veicular para Celular,451.77,9,282,0.03,0
2025-02-10,PROD004,Suporte Veicular para Celular,197.95,4,144,0.0324,0
2025-02-17,PROD004,Suporte Veicular para Celular,709.71,14,378,0.03455,0
2025-02-24,PROD004,Suporte Veicular para Celular,880.26,18,677,0.0317,0
2025-03-03,PROD004,Suporte Veicular para Celular,470.09999999999997,10,204,0.05003333333333334,0
2025-03-10,PROD004,Suporte Veicular para Celular,1069.76,21,597,0.037020000000000004,0
2025-03-17,PROD004,Suporte Veicular para Celular,349.49,7,210,0.03576666666666667,0
2025-03-24,PROD004,Suporte Veicular para Celular,1090.71,21,460,0.045725,0
2025-03-31,PROD004,Suporte Veicular para Celular,898.66,18,609,0.0304,1
2025-04-07,PROD004,Suporte Veicular para Celular,257.61,5,132,0.0394,0
2025-04-14,PROD004,Suporte Veicular para Celular,636.9200000000001,13,499,0.028066666666666667,0
2025-04-21,PROD004,Suporte Veicular para Celular,1139.4099999999999,24,612,0.04206,1
2025-04-28,PROD004,Suporte Veicular para Celular,1476.78,29,656,0.042159999999999996,0
2025-05-05,PROD004,Suporte Veicular para Celular,832.11,17,336,0.0487,0
2025-05-12,PROD004,Suporte Veicular para Celular,873.32,17,433,0.03846,0
2025-05-19,PROD004,Suporte Veicular para Celular,842.34,17,451,0.03872,1
2025-05-26,PROD004,Suporte Veicular para Celular,708.21,14,364,0.04102,0
2025-06-02,PROD004,Suporte Veicular para Celular,721.4,14,457,0.032125,1
2025-06-09,PROD004,Suporte Veicular para Celular,1114.39,23,692,0.03475,0
2025-06-16,PROD004,Suporte Veicular para Celular,647.85,13,336,0.03683333333333333,0
2025-06-23,PROD004,Suporte Veicular para Celular,418.35,8,282,0.0331,0
2024-01-01,PROD005,Película Vidro Temperado iPhone 15,428.49,18,478,0.04198,2
2024-01-08,PROD005,Película Vidro Temperado iPhone 15,658.78,26,695,0.0426,0
2024-01-15,PROD005,Película Vidro Temperado iPhone 15,655.49,27,806,0.036180000000000004,0
2024-01-22,PROD005,Película Vidro Temperado iPhone 15,251.06,10,313,0.034333333333333334,0
2024-01-29,PROD005,Película Vidro Temperado iPhone 15,460.39,18,413,0.045675,0
2024-02-05,PROD005,Película Vidro Temperado iPhone 15,495.4,21,524,0.040825,0
2024-02-12,PROD005,Película Vidro Temperado iPhone 15,389.2,16,371,0.05025,0
2024-02-19,PROD005,Película Vidro Temperado iPhone 15,224.95999999999998,9,212,0.043,0
2024-02-26,PROD005,Película Vidro Temperado iPhone 15,309.12,12,373,0.03863333333333333,0
2024-03-04,PROD005,Película Vidro Temperado iPhone 15,328.46000000000004,14,361,0.041249999999999995,0
2024-03-11,PROD005,Película Vidro Temperado iPhone 15,514.35,20,484,0.041275,0
2024-03-18,PROD005,Película Vidro Temperado iPhone 15,639.53,26,738,0.041425000000000003,0
2024-03-25,PROD005,Película Vidro Temperado iPhone 15,502.65,20,538,0.041999999999999996,1
2024-04-01,PROD005,Película Vidro Temperado iPhone 15,296.43,12,422,0.0359,0
2024-04-08,PROD005,Película Vidro Temperado iPhone 15,682.77,28,585,0.050475,0
2024-04-15,PROD005,Película Vidro Temperado iPhone 15,751.12,31,723,0.042225,0
2024-04-22,PROD005,Película Vidro Temperado iPhone 15,610.56,25,569,0.047200000000000006,0
2024-04-29,PROD005,Película Vidro Temperado iPhone 15,418.09000000000003,17,472,0.03676666666666666,0
2024-05-06,PROD005,Película Vidro Temperado iPhone 15,595.44,24,538,0.048175,0
2024-05-13,PROD005,Película Vidro Temperado iPhone 15,687.2,28,624,0.04992,0
2024-05-20,PROD005,Película Vidro Temperado iPhone 15,317.24,13,295,0.04493333333333333,0
2024-05-27,PROD005,Película Vidro Temperado iPhone 15,382.65,16,419,0.03816666666666666,1
2024-06-03,PROD005,Película Vidro Temperado iPhone 15,410.03999999999996,16,415,0.040275,0
2024-06-10,PROD005,Película Vidro Temperado iPhone 15,364.53,15,485,0.03373333333333333,0
2024-06-17,PROD005,Película Vidro Temperado iPhone 15,399.03000000000003,16,294,0.054875,0
2024-06-24,PROD005,Película Vidro Temperado iPhone 15,1086.53,43,1162,0.03994285714285715,0
2024-07-01,PROD005,Película Vidro Temperado iPhone 15,409.68,17,457,0.0446,0
2024-07-08,PROD005,Película Vidro Temperado iPhone 15,691.74,27,622,0.04605,0
2024-07-15,PROD005,Película Vidro Temperado iPhone 15,659.9499999999999,27,712,0.03885,0
2024-07-22,PROD005,Película Vidro Temperado iPhone 15,572.4499999999999,24,549,0.04298333333333334,0
2024-07-29,PROD005,Película Vidro Temperado iPhone 15,507.95000000000005,21,568,0.040775,0
2024-08-05,PROD005,Película Vidro Temperado iPhone 15,616.54,25,687,0.03972,0
2024-08-12,PROD005,Película Vidro Temperado iPhone 15,394.77,16,387,0.04355,1
2024-08-19,PROD005,Película Vidro Temperado iPhone 15,577.4,24,627,0.039099999999999996,0
2024-08-26,PROD005,Película Vidro Temperado iPhone 15,916.14,37,981,0.039983333333333336,0
2024-09-02,PROD005,Película Vidro Temperado iPhone 15,473.06,20,575,0.035574999999999996,0
2024-09-09,PROD005,Película Vidro Temperado iPhone 15,320.61,13,284,0.0501,0
2024-09-16,PROD005,Película Vidro Temperado iPhone 15,637.89,25,928,0.029820000000000003,0
2024-09-23,PROD005,Película Vidro Temperado iPhone 15,566.09,22,457,0.0472,0
2024-09-30,PROD005,Película Vidro Temperado iPhone 15,805.24,33,1039,0.03576666666666667,0
2024-10-07,PROD005,Película Vidro Temperado iPhone 15,1065.04,44,1520,0.030716666666666666,0
2024-10-14,PROD005,Película Vidro Temperado iPhone 15,686.2,27,620,0.046675,0
2024-10-21,PROD005,Película Vidro Temperado iPhone 15,681.55,27,795,0.036275,0
2024-10-28,PROD005,Película Vidro Temperado iPhone 15,1243.45,50,1528,0.03645,0
2024-11-04,PROD005,Película Vidro Temperado iPhone 15,1759.79,70,1618,0.04397142857142857,1
2024-11-11,PROD005,Película Vidro Temperado iPhone 15,1514.13,60,1683,0.03974285714285714,0
2024-11-18,PROD005,Película Vidro Temperado iPhone 15,1075.5,43,1476,0.02952,0
2024-11-25,PROD005,Película Vidro Temperado iPhone 15,2630.83,104,3613,0.03134285714285714,0
2024-12-02,PROD005,Película Vidro Temperado iPhone 15,1498.8999999999999,60,1901,0.03551666666666667,0
2024-12-09,PROD005,Película Vidro Temperado iPhone 15,1112.85,44,1077,0.0435,0
2024-12-16,PROD005,Película Vidro Temperado iPhone 15,1732.6799999999998,69,1793,0.04115714285714286,0
2024-12-23,PROD005,Película Vidro Temperado iPhone 15,1333.3400000000001,52,1528,0.03312,0
2024-12-30,PROD005,Película Vidro Temperado iPhone 15,996.8,40,1418,0.02952,0
2025-01-06,PROD005,Película Vidro Temperado iPhone 15,567.67,23,537,0.0457,0
2025-01-13,PROD005,Película Vidro Temperado iPhone 15,553.9300000000001,23,843,0.02732,0
2025-01-20,PROD005,Película Vidro Temperado iPhone 15,424.03,17,389,0.046000000000000006,0
2025-01-27,PROD005,Película Vidro Temperado iPhone 15,383.57,15,420,0.041174999999999996,0
2025-02-03,PROD005,Película Vidro Temperado iPhone 15,451.9,18,482,0.039,0
2025-02-10,PROD005,Película Vidro Temperado iPhone 15,224.25,9,164,0.05396666666666666,0
2025-02-17,PROD005,Película Vidro Temperado iPhone 15,471.94000000000005,18,326,0.0524,0
2025-02-24,PROD005,Película Vidro Temperado iPhone 15,582.46,23,621,0.04245,0
2025-03-03,PROD005,Película Vidro Temperado iPhone 15,348.98,14,568,0.030799999999999998,0
2025-03-10,PROD005,Película Vidro Temperado iPhone 15,500.62,20,482,0.041120000000000004,0
2025-03-17,PROD005,Película Vidro Temperado iPhone 15,298.26,12,354,0.0354,0
2025-03-24,PROD005,Película Vidro Temperado iPhone 15,355.39,14,369,0.0407,0
2025-03-31,PROD005,Película Vidro Temperado iPhone 15,562.31,22,525,0.0411,0
2025-04-07,PROD005,Película Vidro Temperado iPhone 15,536.51,23,566,0.0411,0
2025-04-14,PROD005,Película Vidro Temperado iPhone 15,457.96000000000004,19,536,0.035866666666666665,0
2025-04-21,PROD005,Película Vidro Temperado iPhone 15,569.55,22,631,0.03728,1
2025-04-28,PROD005,Película Vidro Temperado iPhone 15,810.27,32,709,0.04872,0
2025-05-05,PROD005,Película Vidro Temperado iPhone 15,406.65999999999997,16,354,0.044675,0
2025-05-12,PROD005,Película Vidro Temperado iPhone 15,477.84000000000003,19,465,0.041150000000000006,0
2025-05-19,PROD005,Película Vidro Temperado iPhone 15,474.45,19,465,0.04588,1
2025-05-26,PROD005,Película Vidro Temperado iPhone 15,770.11,31,693,0.04572,0
2025-06-02,PROD005,Película Vidro Temperado iPhone 15,391.21,16,535,0.031825,0
2025-06-09,PROD005,Película Vidro Temperado iPhone 15,613.47,25,783,0.0369,0
2025-06-16,PROD005,Película Vidro Temperado iPhone 15,362.42,15,350,0.03993333333333333,0
2025-06-23,PROD005,Película Vidro Temperado iPhone 15,484.2,20,489,0.041666666666666664,0
2024-01-01,PROD006,Hub USB 4 portas 3.0,892.56,11,240,0.04796,0
2024-01-08,PROD006,Hub USB 4 portas 3.0,1164.6,14,481,0.035333333333333335,0
2024-01-15,PROD006,Hub USB 4 portas 3.0,1298.6599999999999,16,450,0.03464,0
2024-01-22,PROD006,Hub USB 4 portas 3.0,481.05,6,120,0.05055,1
2024-01-29,PROD006,Hub USB 4 portas 3.0,732.95,9,252,0.035525,0
2024-02-05,PROD006,Hub USB 4 portas 3.0,650.8199999999999,8,218,0.044033333333333334,0
2024-02-12,PROD006,Hub USB 4 portas 3.0,688.65,9,196,0.04375,0
2024-02-26,PROD006,Hub USB 4 portas 3.0,690.71,9,229,0.044333333333333336,0
2024-03-04,PROD006,Hub USB 4 portas 3.0,310.8,4,106,0.0374,0
2024-03-11,PROD006,Hub USB 4 portas 3.0,329.36,4,85,0.0462,0
2024-03-18,PROD006,Hub USB 4 portas 3.0,1205.9,15,409,0.03803333333333333,0
2024-03-25,PROD006,Hub USB 4 portas 3.0,1285.77,16,443,0.0363,0
2024-04-01,PROD006,Hub USB 4 portas 3.0,978.93,12,238,0.05079999999999999,1
2024-04-08,PROD006,Hub USB 4 portas 3.0,774.29,10,218,0.0431,0
2024-04-15,PROD006,Hub USB 4 portas 3.0,550.64,7,165,0.042925,0
2024-04-22,PROD006,Hub USB 4 portas 3.0,1271.75,16,333,0.04796,0
2024-04-29,PROD006,Hub USB 4 portas 3.0,407.23,5,137,0.03713333333333333,0
2024-05-06,PROD006,Hub USB 4 portas 3.0,1036.93,13,308,0.041925,0
2024-05-13,PROD006,Hub USB 4 portas 3.0,793.0,10,265,0.03593333333333333,1
2024-05-20,PROD006,Hub USB 4 portas 3.0,489.43,6,137,0.04773333333333333,0
2024-05-27,PROD006,Hub USB 4 portas 3.0,778.7700000000001,10,206,0.04743333333333333,0
2024-06-03,PROD006,Hub USB 4 portas 3.0,648.02,8,276,0.03125,1
2024-06-10,PROD006,Hub USB 4 portas 3.0,822.64,10,234,0.04019999999999999,0
2024-06-17,PROD006,Hub USB 4 portas 3.0,844.13,11,270,0.04735,0
2024-06-24,PROD006,Hub USB 4 portas 3.0,1137.78,14,402,0.04405714285714286,1
2024-07-01,PROD006,Hub USB 4 portas 3.0,664.27,8,179,0.04695,0
2024-07-08,PROD006,Hub USB 4 portas 3.0,709.3700000000001,9,350,0.037625,0
2024-07-15,PROD006,Hub USB 4 portas 3.0,935.61,12,304,0.04256666666666667,0
2024-07-22,PROD006,Hub USB 4 portas 3.0,963.88,12,310,0.04443333333333333,0
2024-07-29,PROD006,Hub USB 4 portas 3.0,1079.32,14,314,0.0453,0
2024-08-05,PROD006,Hub USB 4 portas 3.0,1280.12,16,358,0.046150000000000004,0
2024-08-12,PROD006,Hub USB 4 portas 3.0,707.68,9,261,0.0407,0
2024-08-19,PROD006,Hub USB 4 portas 3.0,806.35,10,344,0.035,0
2024-08-26,PROD006,Hub USB 4 portas 3.0,985.02,12,298,0.043366666666666664,0
2024-09-02,PROD006,Hub USB 4 portas 3.0,1170.33,15,439,0.036574999999999996,0
2024-09-09,PROD006,Hub USB 4 portas 3.0,819.34,10,298,0.032933333333333335,0
2024-09-16,PROD006,Hub USB 4 portas 3.0,950.0699999999999,12,370,0.033575,0
2024-09-23,PROD006,Hub USB 4 portas 3.0,1246.3600000000001,15,323,0.048125,1
2024-09-30,PROD006,Hub USB 4 portas 3.0,1367.83,17,416,0.040433333333333335,0
2024-10-07,PROD006,Hub USB 4 portas 3.0,1308.6299999999999,16,475,0.03576666666666667,0
2024-10-14,PROD006,Hub USB 4 portas 3.0,869.74,11,295,0.04095,0
2024-10-21,PROD006,Hub USB 4 portas 3.0,633.4200000000001,8,240,0.03425,0
2024-10-28,PROD006,Hub USB 4 portas 3.0,1523.66,19,541,0.034916666666666665,0
2024-11-04,PROD006,Hub USB 4 portas 3.0,2187.9700000000003,27,642,0.042371428571428574,0
2024-11-11,PROD006,Hub USB 4 portas 3.0,3339.5,40,1006,0.04332857142857143,0
2024-11-18,PROD006,Hub USB 4 portas 3.0,2296.5299999999997,28,727,0.04792,0
2024-11-25,PROD006,Hub USB 4 portas 3.0,4586.12,56,1185,0.04988571428571429,0
2024-12-02,PROD006,Hub USB 4 portas 3.0,2400.35,29,892,0.03606666666666667,0
2024-12-09,PROD006,Hub USB 4 portas 3.0,1422.83,18,541,0.03906,0
2024-12-16,PROD006,Hub USB 4 portas 3.0,2038.94,25,781,0.035614285714285716,0
2024-12-23,PROD006,Hub USB 4 portas 3.0,1658.6399999999999,20,728,0.031325,0
2024-12-30,PROD006,Hub USB 4 portas 3.0,1748.6,21,673,0.03338,0
2025-01-06,PROD006,Hub USB 4 portas 3.0,714.94,9,265,0.03675,0
2025-01-13,PROD006,Hub USB 4 portas 3.0,729.65,9,251,0.0363,0
2025-01-20,PROD006,Hub USB 4 portas 3.0,396.58000000000004,5,95,0.048600000000000004,0
2025-01-27,PROD006,Hub USB 4 portas 3.0,895.49,11,230,0.0452,0
2025-02-03,PROD006,Hub USB 4 portas 3.0,429.07,5,163,0.03825,0
2025-02-10,PROD006,Hub USB 4 portas 3.0,150.95999999999998,2,52,0.039,0
2025-02-17,PROD006,Hub USB 4 portas 3.0,542.55,7,148,0.04715,0
2025-02-24,PROD006,Hub USB 4 portas 3.0,565.79,7,162,0.041525,0
2025-03-03,PROD006,Hub USB 4 portas 3.0,712.7,9,217,0.0441,0
2025-03-10,PROD006,Hub USB 4 portas 3.0,939.52,12,325,0.04335,0
2025-03-17,PROD006,Hub USB 4 portas 3.0,554.48,7,133,0.0531,0
2025-03-24,PROD006,Hub USB 4 portas 3.0,544.6800000000001,7,234,0.03506666666666667,0
2025-03-31,PROD006,Hub USB 4 portas 3.0,905.1,11,248,0.0446,0
2025-04-07,PROD006,Hub USB 4 portas 3.0,329.65999999999997,4,161,0.024800000000000003,0
2025-04-14,PROD006,Hub USB 4 portas 3.0,488.58,6,106,0.0569,0
2025-04-21,PROD006,Hub USB 4 portas 3.0,705.99,9,216,0.040400000000000005,0
2025-04-28,PROD006,Hub USB 4 portas 3.0,625.86,8,167,0.048125,0
2025-05-05,PROD006,Hub USB 4 portas 3.0,947.7,12,443,0.0275,0
2025-05-12,PROD006,Hub USB 4 portas 3.0,1148.12,14,349,0.039275,1
2025-05-19,PROD006,Hub USB 4 portas 3.0,1124.24,14,353,0.04281666666666667,0
2025-05-26,PROD006,Hub USB 4 portas 3.0,1354.1399999999999,17,516,0.03804,0
2025-06-02,PROD006,Hub USB 4 portas 3.0,882.19,11,371,0.038425,0
2025-06-09,PROD006,Hub USB 4 portas 3.0,874.1,11,356,0.038425,0
2025-06-16,PROD006,Hub USB 4 portas 3.0,543.4,7,151,0.0482,0
2025-06-23,PROD006,Hub USB 4 portas 3.0,800.25,10,342,0.03623333333333333,0
2024-01-01,PROD007,Fone In-Ear Com Fio Samsung AKG,370.06,6,146,0.04265,0
2024-01-08,PROD007,Fone In-Ear Com Fio Samsung AKG,304.56,5,172,0.028175,0
2024-01-15,PROD007,Fone In-Ear Com Fio Samsung AKG,594.5,10,236,0.04134,0
2024-01-22,PROD007,Fone In-Ear Com Fio Samsung AKG,116.14,2,45,0.0442,0
2024-01-29,PROD007,Fone In-Ear Com Fio Samsung AKG,429.89,7,305,0.0243,0
2024-02-05,PROD007,Fone In-Ear Com Fio Samsung AKG,173.04,3,61,0.0485,0
2024-02-12,PROD007,Fone In-Ear Com Fio Samsung AKG,290.14,5,164,0.03576666666666667,0
2024-02-26,PROD007,Fone In-Ear Com Fio Samsung AKG,55.29,1,32,0.0304,0
2024-03-04,PROD007,Fone In-Ear Com Fio Samsung AKG,120.86,2,40,0.0493,0
2024-03-11,PROD007,Fone In-Ear Com Fio Samsung AKG,374.4,6,179,0.03463333333333333,0
2024-03-18,PROD007,Fone In-Ear Com Fio Samsung AKG,350.92,6,177,0.03275,0
2024-03-25,PROD007,Fone In-Ear Com Fio Samsung AKG,235.77,4,93,0.041699999999999994,0
2024-04-01,PROD007,Fone In-Ear Com Fio Samsung AKG,353.03999999999996,6,182,0.03635,0
2024-04-08,PROD007,Fone In-Ear Com Fio Samsung AKG,294.24,5,137,0.0397,0
2024-04-15,PROD007,Fone In-Ear Com Fio Samsung AKG,423.40999999999997,7,233,0.03966666666666666,0
2024-04-22,PROD007,Fone In-Ear Com Fio Samsung AKG,184.56,3,60,0.05235,0
2024-04-29,PROD007,Fone In-Ear Com Fio Samsung AKG,308.53,5,104,0.0477,0
2024-05-06,PROD007,Fone In-Ear Com Fio Samsung AKG,63.88,1,33,0.03,0
2024-05-13,PROD007,Fone In-Ear Com Fio Samsung AKG,300.29,5,122,0.0435,1
2024-05-20,PROD007,Fone In-Ear Com Fio Samsung AKG,301.3,5,101,0.0487,0
2024-05-27,PROD007,Fone In-Ear Com Fio Samsung AKG,185.16,3,51,0.0578,0
2024-06-03,PROD007,Fone In-Ear Com Fio Samsung AKG,167.34,3,58,0.05096666666666666,0
2024-06-10,PROD007,Fone In-Ear Com Fio Samsung AKG,59.39,1,40,0.0249,0
2024-06-17,PROD007,Fone In-Ear Com Fio Samsung AKG,124.41,2,37,0.0534,0
2024-06-24,PROD007,Fone In-Ear Com Fio Samsung AKG,725.04,12,424,0.03162857142857143,0
2024-07-01,PROD007,Fone In-Ear Com Fio Samsung AKG,248.51,4,119,0.03546666666666667,0
2024-07-08,PROD007,Fone In-Ear Com Fio Samsung AKG,233.84,4,108,0.038233333333333334,0
2024-07-15,PROD007,Fone In-Ear Com Fio Samsung AKG,493.51,8,228,0.033240000000000006,0
2024-07-22,PROD007,Fone In-Ear Com Fio Samsung AKG,302.79,5,140,0.0378,0
2024-07-29,PROD007,Fone In-Ear Com Fio Samsung AKG,231.54,4,85,0.048049999999999995,0
2024-08-05,PROD007,Fone In-Ear Com Fio Samsung AKG,420.77,7,180,0.03836666666666667,0
2024-08-12,PROD007,Fone In-Ear Com Fio Samsung AKG,358.3,6,112,0.055275,0
2024-08-19,PROD007,Fone In-Ear Com Fio Samsung AKG,242.07999999999998,4,93,0.04543333333333333,0
2024-08-26,PROD007,Fone In-Ear Com Fio Samsung AKG,579.9399999999999,10,306,0.035660000000000004,1
2024-09-02,PROD007,Fone In-Ear Com Fio Samsung AKG,250.3,4,123,0.04246666666666667,0
2024-09-09,PROD007,Fone In-Ear Com Fio Samsung AKG,59.44,1,27,0.0363,0
2024-09-16,PROD007,Fone In-Ear Com Fio Samsung AKG,622.91,10,252,0.04471666666666666,0
2024-09-23,PROD007,Fone In-Ear Com Fio Samsung AKG,180.31,3,90,0.03356666666666667,0
2024-09-30,PROD007,Fone In-Ear Com Fio Samsung AKG,495.39,8,275,0.032733333333333337,0
2024-10-07,PROD007,Fone In-Ear Com Fio Samsung AKG,520.71,9,288,0.034960000000000005,0
2024-10-14,PROD007,Fone In-Ear Com Fio Samsung AKG,119.14,2,54,0.03765,0
2024-10-21,PROD007,Fone In-Ear Com Fio Samsung AKG,304.71,5,103,0.04826666666666667,0
2024-10-28,PROD007,Fone In-Ear Com Fio Samsung AKG,1053.35,18,448,0.0402,1
2024-11-04,PROD007,Fone In-Ear Com Fio Samsung AKG,1240.5,20,479,0.040671428571428574,1
2024-11-11,PROD007,Fone In-Ear Com Fio Samsung AKG,1225.73,20,565,0.03746666666666667,0
2024-11-18,PROD007,Fone In-Ear Com Fio Samsung AKG,744.47,12,252,0.0437,0
2024-11-25,PROD007,Fone In-Ear Com Fio Samsung AKG,1431.78,23,554,0.04357142857142857,0
2024-12-02,PROD007,Fone In-Ear Com Fio Samsung AKG,921.45,15,474,0.0386,0
2024-12-09,PROD007,Fone In-Ear Com Fio Samsung AKG,858.3000000000001,14,413,0.03505,0
2024-12-16,PROD007,Fone In-Ear Com Fio Samsung AKG,906.3499999999999,15,463,0.03882857142857143,0
2024-12-23,PROD007,Fone In-Ear Com Fio Samsung AKG,847.75,14,513,0.0328,0
2024-12-30,PROD007,Fone In-Ear Com Fio Samsung AKG,499.52000000000004,8,142,0.054400000000000004,0
2025-01-06,PROD007,Fone In-Ear Com Fio Samsung AKG,361.33,6,136,0.040233333333333336,0
2025-01-13,PROD007,Fone In-Ear Com Fio Samsung AKG,371.67999999999995,6,176,0.04105,0
2025-01-20,PROD007,Fone In-Ear Com Fio Samsung AKG,167.38,3,93,0.039599999999999996,0
2025-01-27,PROD007,Fone In-Ear Com Fio Samsung AKG,414.71000000000004,7,195,0.03846666666666667,0
2025-02-03,PROD007,Fone In-Ear Com Fio Samsung AKG,249.3,4,153,0.03206666666666667,0
2025-02-10,PROD007,Fone In-Ear Com Fio Samsung AKG,110.4,2,87,0.0229,0
2025-02-17,PROD007,Fone In-Ear Com Fio Samsung AKG,433.82,7,154,0.047850000000000004,0
2025-02-24,PROD007,Fone In-Ear Com Fio Samsung AKG,111.1,2,34,0.0573,0
2025-03-03,PROD007,Fone In-Ear Com Fio Samsung AKG,174.68,3,61,0.04725,0
2025-03-10,PROD007,Fone In-Ear Com Fio Samsung AKG,500.56,8,205,0.04068,0
2025-03-17,PROD007,Fone In-Ear Com Fio Samsung AKG,366.66,6,120,0.04575,0
2025-03-24,PROD007,Fone In-Ear Com Fio Samsung AKG,549.9100000000001,9,213,0.043825,1
2025-03-31,PROD007,Fone In-Ear Com Fio Samsung AKG,184.23000000000002,3,73,0.043333333333333335,0
2025-04-07,PROD007,Fone In-Ear Com Fio Samsung AKG,111.46,2,56,0.0355,0
2025-04-14,PROD007,Fone In-Ear Com Fio Samsung AKG,345.95000000000005,6,112,0.05129999999999999,0
2025-04-21,PROD007,Fone In-Ear Com Fio Samsung AKG,618.74,10,248,0.041525,0
2025-04-28,PROD007,Fone In-Ear Com Fio Samsung AKG,282.77,5,142,0.03925,0
2025-05-05,PROD007,Fone In-Ear Com Fio Samsung AKG,595.04,10,264,0.03794,0
2025-05-12,PROD007,Fone In-Ear Com Fio Samsung AKG,414.92,7,128,0.05413333333333333,0
2025-05-19,PROD007,Fone In-Ear Com Fio Samsung AKG,516.27,9,283,0.03778,0
2025-05-26,PROD007,Fone In-Ear Com Fio Samsung AKG,361.18,6,172,0.04095,0
2025-06-02,PROD007,Fone In-Ear Com Fio Samsung AKG,169.87,3,73,0.04345,0
2025-06-09,PROD007,Fone In-Ear Com Fio Samsung AKG,63.25,1,30,0.0331,0
2024-01-01,PROD008,Cabo Lightning para USB 1m (Apple),465.8,12,476,0.032125,0
2024-01-08,PROD008,Cabo Lightning para USB 1m (Apple),427.8,11,247,0.0466,0
2024-01-15,PROD008,Cabo Lightning para USB 1m (Apple),199.06,5,174,0.029866666666666666,0
2024-01-22,PROD008,Cabo Lightning para USB 1m (Apple),165.06,4,126,0.032850000000000004,0
2024-01-29,PROD008,Cabo Lightning para USB 1m (Apple),413.65,10,314,0.038933333333333334,0
2024-02-05,PROD008,Cabo Lightning para USB 1m (Apple),124.24,3,118,0.027,0
2024-02-12,PROD008,Cabo Lightning para USB 1m (Apple),117.27000000000001,3,88,0.0337,0
2024-02-19,PROD008,Cabo Lightning para USB 1m (Apple),40.16,1,18,0.0552,0
2024-02-26,PROD008,Cabo Lightning para USB 1m (Apple),116.1,3,74,0.0402,0
2024-03-04,PROD008,Cabo Lightning para USB 1m (Apple),197.10999999999999,5,110,0.044950000000000004,0
2024-03-11,PROD008,Cabo Lightning para USB 1m (Apple),242.74,6,142,0.043699999999999996,0
2024-03-18,PROD008,Cabo Lightning para USB 1m (Apple),149.95,4,113,0.0369,1
2024-03-25,PROD008,Cabo Lightning para USB 1m (Apple),354.4,9,268,0.0354,1
2024-04-01,PROD008,Cabo Lightning para USB 1m (Apple),122.83000000000001,3,59,0.04875,0
2024-04-08,PROD008,Cabo Lightning para USB 1m (Apple),125.32,3,77,0.038599999999999995,0
2024-04-15,PROD008,Cabo Lightning para USB 1m (Apple),288.16999999999996,7,172,0.04093333333333333,1
2024-04-22,PROD008,Cabo Lightning para USB 1m (Apple),351.92,9,282,0.0306,0
2024-04-29,PROD008,Cabo Lightning para USB 1m (Apple),206.0,5,184,0.0269,0
2024-05-06,PROD008,Cabo Lightning para USB 1m (Apple),246.63,6,141,0.044975,0
2024-05-13,PROD008,Cabo Lightning para USB 1m (Apple),350.57,9,256,0.033675,0
2024-05-20,PROD008,Cabo Lightning para USB 1m (Apple),121.71,3,104,0.0288,0
2024-05-27,PROD008,Cabo Lightning para USB 1m (Apple),241.47,6,164,0.03913333333333333,0
2024-06-03,PROD008,Cabo Lightning para USB 1m (Apple),119.03,3,69,0.04416666666666667,0
2024-06-10,PROD008,Cabo Lightning para USB 1m (Apple),77.31,2,41,0.04915,0
2024-06-17,PROD008,Cabo Lightning para USB 1m (Apple),160.70999999999998,4,114,0.0395,0
2024-06-24,PROD008,Cabo Lightning para USB 1m (Apple),439.72,11,232,0.04763333333333333,0
2024-07-01,PROD008,Cabo Lightning para USB 1m (Apple),237.68,6,123,0.049466666666666666,0
2024-07-08,PROD008,Cabo Lightning para USB 1m (Apple),161.26999999999998,4,116,0.0412,0
2024-07-15,PROD008,Cabo Lightning para USB 1m (Apple),480.43,12,346,0.03941666666666666,0
2024-07-22,PROD008,Cabo Lightning para USB 1m (Apple),511.64,13,313,0.04115,0
2024-07-29,PROD008,Cabo Lightning para USB 1m (Apple),193.86,5,179,0.031133333333333336,0
2024-08-05,PROD008,Cabo Lightning para USB 1m (Apple),125.5,3,95,0.03163333333333333,0
2024-08-12,PROD008,Cabo Lightning para USB 1m (Apple),278.75,7,209,0.0372,1
2024-08-19,PROD008,Cabo Lightning para USB 1m (Apple),166.86,4,145,0.027700000000000002,0
2024-08-26,PROD008,Cabo Lightning para USB 1m (Apple),455.34,11,269,0.0405,2
2024-09-02,PROD008,Cabo Lightning para USB 1m (Apple),164.09,4,167,0.02413333333333333,0
2024-09-09,PROD008,Cabo Lightning para USB 1m (Apple),169.06,4,87,0.044333333333333336,0
2024-09-16,PROD008,Cabo Lightning para USB 1m (Apple),523.45,13,325,0.042050000000000004,0
2024-09-23,PROD008,Cabo Lightning para USB 1m (Apple),241.06,6,140,0.04173333333333334,1
2024-09-30,PROD008,Cabo Lightning para USB 1m (Apple),595.74,15,437,0.03253333333333334,0
2024-10-07,PROD008,Cabo Lightning para USB 1m (Apple),530.88,13,345,0.04096666666666667,0
2024-10-14,PROD008,Cabo Lightning para USB 1m (Apple),237.54,6,177,0.039099999999999996,0
2024-10-21,PROD008,Cabo Lightning para USB 1m (Apple),164.25,4,115,0.0361,0
2024-10-28,PROD008,Cabo Lightning para USB 1m (Apple),595.03,15,510,0.03575,0
2024-11-04,PROD008,Cabo Lightning para USB 1m (Apple),993.75,25,942,0.02972857142857143,0
2024-11-11,PROD008,Cabo Lightning para USB 1m (Apple),635.13,16,435,0.0397,0
2024-11-18,PROD008,Cabo Lightning para USB 1m (Apple),650.03,16,569,0.033600000000000005,0
2024-11-25,PROD008,Cabo Lightning para USB 1m (Apple),1270.66,32,871,0.03951428571428572,1
2024-12-02,PROD008,Cabo Lightning para USB 1m (Apple),806.5500000000001,20,526,0.04095,0
2024-12-09,PROD008,Cabo Lightning para USB 1m (Apple),556.65,14,452,0.03822,1
2024-12-16,PROD008,Cabo Lightning para USB 1m (Apple),686.2,17,551,0.036885714285714286,1
2024-12-23,PROD008,Cabo Lightning para USB 1m (Apple),429.85,11,302,0.0375,0
2024-12-30,PROD008,Cabo Lightning para USB 1m (Apple),283.13,7,222,0.034475,0
2025-01-06,PROD008,Cabo Lightning para USB 1m (Apple),343.56,8,268,0.0344,0
2025-01-13,PROD008,Cabo Lightning para USB 1m (Apple),395.15000000000003,10,301,0.03186,0
2025-01-20,PROD008,Cabo Lightning para USB 1m (Apple),80.02,2,71,0.0279,0
2025-01-27,PROD008,Cabo Lightning para USB 1m (Apple),200.38,5,145,0.0351,0
2025-02-03,PROD008,Cabo Lightning para USB 1m (Apple),232.64,6,128,0.0453,0
2025-02-10,PROD008,Cabo Lightning para USB 1m (Apple),39.49,1,33,0.03,0
2025-02-17,PROD008,Cabo Lightning para USB 1m (Apple),443.07,11,329,0.038419999999999996,1
2025-02-24,PROD008,Cabo Lightning para USB 1m (Apple),160.43,4,104,0.03635,0
2025-03-03,PROD008,Cabo Lightning para USB 1m (Apple),80.98,2,52,0.03855,0
2025-03-10,PROD008,Cabo Lightning para USB 1m (Apple),245.66,6,189,0.0327,0
2025-03-17,PROD008,Cabo Lightning para USB 1m (Apple),42.43,1,48,0.0207,0
2025-03-24,PROD008,Cabo Lightning para USB 1m (Apple),194.45,5,107,0.0418,0
2025-03-31,PROD008,Cabo Lightning para USB 1m (Apple),196.01,5,158,0.039850000000000003,0
2025-04-07,PROD008,Cabo Lightning para USB 1m (Apple),207.77999999999997,5,127,0.03885,0
2025-04-21,PROD008,Cabo Lightning para USB 1m (Apple),390.06,10,259,0.04184,0
2025-04-28,PROD008,Cabo Lightning para USB 1m (Apple),157.87,4,106,0.042025,0
2025-05-05,PROD008,Cabo Lightning para USB 1m (Apple),127.91,3,104,0.028200000000000003,0
2025-05-12,PROD008,Cabo Lightning para USB 1m (Apple),366.39,9,258,0.038425,0
2025-05-19,PROD008,Cabo Lightning para USB 1m (Apple),560.52,14,343,0.039933333333333335,0
2025-05-26,PROD008,Cabo Lightning para USB 1m (Apple),416.84,10,257,0.03934,0
2025-06-02,PROD008,Cabo Lightning para USB 1m (Apple),117.66,3,59,0.04956666666666667,0
2025-06-09,PROD008,Cabo Lightning para USB 1m (Apple),417.99,10,215,0.0446,0
2025-06-16,PROD008,Cabo Lightning para USB 1m (Apple),114.6,3,76,0.04,0
2025-06-23,PROD008,Cabo Lightning para USB 1m (Apple),41.53,1,26,0.0376,0
